文件,Qwen3-0.6B结果,Qwen3-1.7B结果,音频时长(秒),0.6B耗时(秒),0.6B段数,1.7B耗时(秒)
13692205318-2605211530(1).wav,喂，哎，王大夫啊，嗯， 我们也了解了原因，咋个这次没有给你 是签的合同，又签的是这个点 会导致给你发不够。比如说，你做做 有那么多天，就你你干了那么多 发工资，因为就是没得你这个哦 愣子，呃，下个月发工资的时候 说这个三月份没发，一三月份 那公司哪个账目上做的是？哎 四月份、三月份，四月份我一共 我我我我没有我没有听懂，就是说 昨天和你对那个金额也是，就是你 包工的嘛，我们我们包工那是 就打两千块钱没有，给我打起手 给你做到，然后这边就是也调查清楚， 你看得行不？那么，就是说， 就又分那个工资，他们他高头 你说的啥子四月份工资又给你打 是不是那个胡老板嘛？不是，不是， 稍等一下哈，稍等一下，稍 没有出了五千，但是我问他那个公司， 的这个事情，给我都整糊涂了， 五千呢？四川呃，四川新祥腾 是噻。所有劳务公司，所有的劳务工人 十月份、五月份。喂，没有， 这是二月份和三月份的民工工资 是是是是是。那个，嗯， 人工工资。妈呀，这一个关系复杂 四月份，四月份你是做到，一月 我这我就不清楚了。哦，好 不能测数。对，我晓得不能测 这个也告诉你啥子原因造成嘞？哦 然后把你这个，呃，挣到的差额，你,喂，哎，王拿富啊，啊，哎，你好，这边你那个工资的事情，我们这边也核实了，确实还这边差你四千六。然后我们也了解了原因，咋个这次没有给你发放下来？就咋个差的这个四千六？你这边是包做的是包工是啊，但是当时签的合同又签的是这个点工，就是每天好多钱呢。所以说就只能按照就是你一个月干了好多天，然后每天好多钱呢，然后只给你发。然这样的话就会导致给你发不够。比如说你做做包工，你本来应该是一万块钱，但是按照这个点工来给你算出，只发了几千，你每天你一个月毕竟只有那么多天，就你你干了那么多天。然后加上你的这个钱，当时签的点工的这个合同单价就发不够，浪子就差了你这个四千六。然后呢，这儿发工资，因为就是没得你这个哦那么多考勤的，所以说也就导致没有发到起你的这个哦剩剩余的这个差额，只有浪子，呃下个月发工资的时候才给你补起。但是但是你那个签签的时候也三月份没发，你三月份发，你四月份、五月份都该发了噻，也下个月就是六月份了。也我看那个他那个呃公司上的账目又是做高上去的啊。真是，哪公司哪个账目上做高上去？也都是腾也腾啥子公司？我看到那个高头一没五千五千那几个月都打了的啊，我又没收到钱的，但是我只差四千多块钱。四月份、三月份、四月份我也没做工，以前啊那个他高头也是钱是五千五千。哦，差不多。我没，我我我我没有，我没有听到，我就说我们昨天给你报都是之前就是按照你这个考勤表，然后和你这个天数来给你报的嘛。之前我昨天昨天和你那个金额也是，就是你收到好多金额也是呃核对了的嘛。嗯。就差你四千六的差额，就这个造成这个差额的原因也是因为你这个是包工的嘛。对。我们我们包工那是喊喊老板给我们造成，但是包工那是一一直都早上我是包工嘛，也按这个月也要给我打嘛，也只打两千块钱嘛，也要给我打起走噻。他们都打了，我是是之前我们几个人就只有我个人没打。正正是因为严格按照考勤来执行，所以说就没给你做到。然后这边就是也调查清楚、也核对清楚了，确实差你那么多。好，意思就是说做到起这个四月份的民工工资，你看得行不？他们就是说给你做到起四月份的民工工资去。除了四月份的工资，他们我那高头四月份那个工资，他们他高头有啊，打了五千块那个喊个啥子公司啊？那我都有投，那个我也给他投诉了嘛。意思说，是这个意思。我不晓得，我我我我我确实没听懂你说的啥子四月份工资又给你打了个五千，又没收到。嗯，哎，没事，就是你不是你们是总包是物业公司嘛？嗯。下面还有个分公司，对吧？是那个胡老板嘛？不是，不是，不是。不是。呃。稍等一下哈，稍等一下。稍稍等一下，我看哈，我看哈，这个就是发放的这个表哈。嗯。你说，你说又给你表上面又做了五千，但是我问哈那个公司，我我看哈那个公司是不是？主要主要你说的这个事情给我都整糊涂了，我都没听到起说有啥子给你做了五千，然后又没给你发。嗯。你在哪看到起的？给你做了这个五千呢？石香，呃，四川鑫鑫祥腾建筑公司有限公司是哪个？又是是你下暴的吗？还是不是这样？这是这是劳务公司噻。哦，这是劳务公司。所有的劳务工，所有的劳务工人都是跟这个劳务公司签这个劳务合同，这个是对的呀，这是合法合规的。那那么，那么四月份、五月份，他到底做了账上去的啊？四月份、五月份。喂。没有哦，没有哦，我们这儿才我们这儿做才做的是二月份和三月份的民工工资，那儿还那儿做了四月份的民工工资呢？二月份和三月份，四月份都有做啊。嗯，就是那个彭。不能乱说啊，知道吗？就是就是。哪个？？我我我我们这儿做嘞，就是二月份和三月份的民工工资，发的也是二月份和三月份的民工工资啊。那工资好几啥呀？四月份的，四月份的民工就是跟你说做到起四月份民工工资，然后给你付。四月份，四月份意思做到起要六月份才拿到钱。是是这个委。哎，具体是不是六月嘛？还是这儿五月就拿得到？我就我这我就不清楚了。哦。但是也好嘛，你刚好就拿到了，再再那个嘛。哦，你这边也，你这边也不能拆数，它现在是你这边不能拆数的。我晓得，所以说不能拆数。对，我晓得不能拆数。我打电话的目的，是告诉你你的金额没得问题，给你核实清楚嘞。这个确实是差你四千六，我给你打电话目的，是核实清楚这个，也告诉你啥子原因造成嘞。哦，好好好。我就是有这个，严格按照考勤来，就是呃和这个单价来，就就没付够你，就有这个差额，告诉你这个原因，嘎。哦，好好。然后把你这个哦挣到的差额，给你做到四月份工资头去给你发放。好嘛，好嘛，好嘛。好好好，哎，好，谢谢。,379.8,42.2,33,108.6
177 1340 8384_20260210191735.wav,老板打了电话了，你要给他时间呀。 那个钱是天降掉下来的。好， 他他他不是冒火，他也恼火 你这个差钱说，他今天才晓得 他说：“他会报，然后我再打电话， 火上去烤噻。哎，没得啥 对啥子嘛？对一般有啥子 东西嘛，好大个账啊！我 那我们那是弄的明明白白的， 你又觉得小黄对了，你又 我看他那有点弄，弄就弄那种 提供的人打错了，老百姓收不回来的 几万块钱，你喊老白就说：“ 我这是黑下来，确实有问题，就有问题 那我跟你说喽，马上喊你们人 你懂我意思噻？哎，二月份 嗯，包括这个老白，他也说了， 你说：“第二，今天晚上必须把那个 按照他讲呗，讲呗，他今天 要排队嘞。嗯，不是你想，杨 银行都那个。好，你懂噻。 我记了，我我就说了，他跟 嘛，又不晓得跑哪儿去了。堤 你先发都可以，你边发边黑 对，要得。还说这个事情没 懂了，懂了，懂了，好好 听我说，到今天为止，我其实我也 因为我们民工专户可以倒打噻， 那我看到，我听懂了，他 这个直接走我们这儿，一个是方便，因为我们 一半的，知道不？哎，好好。 那天他给我打电话，我跟他说了，淡淡的 所以这小黄肯定也冤啊！我看 好，好好好，嗯，等下又把发过去。好，好好好，呃，好的。,老板打了电话了，你要给他时间呀。我晓得。你们是把那个你，如果你说你讲完了，你想完了，你要把你清单拿给他呀。哎。你要给他时间呀。是把你的老板，你个以为是把那钱是天上掉下来的。好。是把说说服就服，他是把不就取钱，他不就想法是把找钱。好好好好好。你要给他时间，我那儿说他也是，他他也把我听到他，他他不是恼火，他也恼火了，反正我听到了。不是说他没得钱，他是把你们那个全是底楼跟你讲，你们老板是把真正往火上烤，我老觉得。哎呀，这个事情。而且而且，你晓得他我说啥子不？他说是把你那个，你说差钱，说他今天才晓得，没得任何人给他说过，他我说的，你也没给他说过。小王在汇报中嘛。小王说的，他汇报，然后我在打电话中嘛。他今天是把不是恼火啥？然后我听到他意思就是嘛，今天他才晓得这个事。你不是问他，我那说是把叫这不？你是就都是把这老板弄到火上就烤噻。哎。没得啥子不纠结了，抓紧讲完了，必须把那叫喊你们人，你把弄出来，全量弄一道，包括现在正在弄的那个啥子那个。对嘛。对啥子嘛？对，你把有啥子问题嘛？有问题你就找问题。对。我是看了对了一天了，签好签，签你们那个啥子单子，签了一天了。嗯。好大个东西嘛，好大个账啊！我是嘛看，这一天了都还有问题啊。听我说，干总，不是的。我啥子事情弄到我们那是弄到明明白白的。我怕的是啥子啊？把两边去对噻，你喊你们人也去对啊。你不，我懂你的意思。嗯。你说钢筋是对的，但是你不要说，你又觉得小王对了，你又觉得他不放心，那你不如喊你们人，你马上就把他整一下就完了噻。然后小王又跟你们人也对了，嘛两个又对得起。然后你又现在又喊他不听的，我看他那又在弄，弄就弄来，怎么还是一模一样的东西，有啥子意义嘛？听我说，说的是，为啥子？万一我这个钱打给老白的，他提供的人打错了，老白就收不回来的。我刚才跟老白也说清楚了，他是对了的，我不少哪个一分钱，但是不能打错。你打打错了，几万块钱你喊老白去收，老白永远收不回来的。哎，马上我就说，不听不听清楚，他们在那里还好。就这次啊，你不要紧张起来咯。好好好。把这次黑下来，确实有问题就有问题，没有啥子嘛。对的，哎。紧张个，我搞锤子啊！我嘛，你看我，我管，我管我有点唬住个小王，我看到他也老恶呀！我看到，好好好，嗯嗯。但是我跟你说了，马上喊你们人把那个名单除了老白这儿，其他的全部弄出来，包括包括他们先说那个啥子那儿那坡，就是那个雪景那坡，二月份的，你懂我意思噻。哎，二月份的只是你先先。你说是二月份的，那我们就不说了。比如说你做石块样那图，刚刚听到说的那个做石材的，他说啊，年货那货，他大意那个就不说了，对吧？哎。包括这个老白他也说了，二月份他年货来，他也同意，就不说了。嗯。但是其他的他，确实他也是嘛，他明年他不来了，人家福建过来就了。拿出来。我在这儿，我反正我跟你说，今今天晚上必须把那个清单拿出来。好。好。你要跟我就说，你要给人家讲牌时间，你不要把人家讲牌憋死了。到时候你把他憋成啥子嘛，拆了再说。让他们打幺儿，到时候我还是要等讲牌儿，讲牌儿，我今天就打钱，明天也打钱，你要给他时间呀。好。好。啊！而且你要给他那个嘛，你要给他什么？他打钱也要时间的嘛，你到银行头是嘛，这儿人家到银行是要排队的。嗯。不是你想象中的嘛，哎，第一个单子给银行就给你打钱了。好。而且银行好吓人，你晓得是吧？哎，今年子就是。不是今年子哪年子过，就年前这种银行都那个。好。你懂噻。哎，好的，好的，好的。啊。好。好。今天晚上一定哈。哎，今晚一定。听我说嘛。哎，两件事。我记了，我我跟你说了，咱跟李经理直接对接，对接李经理。好好好。哎，我小妹儿说了，直接直接我打电话给李经理。嗯。我你这儿东绕西绕的，绕几儿半天是嘛，又不叫他绕这儿去。哎。滴滴清清到位哈。好好好。哎。然后把它翻弄弄出来了，发给你们几个班组长，像雪江啊那些，发给他们再黑一哈。先黑过再嘛，黑过再发给李经理嘛。你先发都可以，你边发边黑也可以。好好好。我相信反正刚刚雪江说他黑了一哈，他说他那儿没没啥子的。哎。好。要得要得。还说这个事情没得时间了。好好好。我跟你说，不然我跟你说，你天天我跟你说，不是给你打电话了，只不的怎么你再再点儿拖一哈，我跟你说，天天你都把这儿来了。好的好的好的。你懂我意思噻？懂了懂了懂了。好。好。反正还有个你要跟人家讲平了，沟通啊，你们个咋回事嘛？你还你妈两个朋友，你两个咋回事嘛？上天难打下难。你听我说，到今天为止，我其实我也我也理解他想说啥了。他可能如果如果当时他晓得，他可能他还愿意怎么走？民工转户来给。嗯。我觉得有可能。好。因为我们民工转户可以倒打噻，你懂我意思噻。哎。啊，比如说我民工转户只有二十万，我可以自己打打打怎么二十万进去噻。对对对，这样噻。哎。哎，我们我我听懂他意思。他可能怎么他可能他在想，是我我呢愿意倒打。哎，我们要打方便了嘛。倒打更方便了嘛。哎，那样子又保险又安全。不是，因为这个直接走我们这儿一个是方便，因为我们那儿直接打，你比你们去办那个事情是快得多，晓得不？对的，对的。我们是直接对接银行，我们的银行是长期的。哎。直接怎么你说随时都可以办的，晓得不？哎。好。现在不说好话了，你们我跟你说，你们现在，我现在我跟你说实话，我现在走讲平儿，我听到这个意思，你们沟通有问题啊，这种大事情你一定要跟人家沟通啊。那天他给我打电话，我给他说了，站站的说了。他说好多钱？我说十多万。晓得不？他可能他可能他也在我面前说嘛，他可能晓得，可能怎么也没听的嘛。哎。哦，所以这样小黄肯定也冤嘛，我看到那样。好。好。好好。不是的，不纠结了，不说钱了，好。抓紧，好。让小黄也累一天，哎呀。好。我抓紧签完了，反正嘛整出来就行，好。好好好。整出来把发过去，好。好好好。嗯。好的。,385.4,43.2,34,131.6
56f5549ff1672a5b130190f61c865da7.wav,哎，不是，你哈空了，我 就是商，那个是中山那一块的， 你可以打个客户啊，下方指定人员看看 那我们是甲方吗？哪个是甲方吗 哦哦哦，指定那就是我们提供人员， 还有一个就是那个工商，他那个商商责 情况一万块钱以内，你有乙方负责。 就这点上嘎。嗯。还有一个就是那个 我劳务班组。嗯嗯嗯嗯嗯。 工商我担不起，哎，那你必须要买 哎，他是，上到没付，他就 嗯，是吧？啊，是最多延迟 呃，向有关部门嗯嗯说要啊， 吧，付款的他也说上去了，还有 验收验收那一块，验收还没说。验收 几分次的验收，应该说分几份 分期分次，对不对？就比如我 起来，比如这个节点，这个升降队啊 由乙方提起，哎，那个主持验收， 我提前约方，提前验收，在十五个 验收完是验收完，那这个就不说 嗯嗯嗯，是啊，我没有说 验收是验收，他那个不关付款的事情 最后的嘛，啊，他那个都写 就喊叫，我分钱年，所以 建基，你发给我任务。嗯， 女娲广场 雅安 谭俊 陈泽伟 叶有亮 温总 胡龙 新源公司 结算 方量 商砼 钢筋 甲方 乙方 监理 进度款 质保金 签证 决算 模板 脚手架 工期。,哎，叔叔，你那儿空了，我发那个合同，你看哪些位置啊？诶，这里先现提了几个问题，一个就是商那个是工商那块的，诶，还有一个就是那个首业那块的，你可以打个客服啊，甲方组的人呀，看看诶，就是首那我们是甲方吗？哪个是甲方？人家算是。嗯。诶。甲方组人员首业。啊，甲方指派吗？还是指定？应该指派。哦哦哦，指定嘛，就是我们提供人员，他选择。应该他指派，指派他然后开工，应该是。嗯。嗯。甲方指派首业人员吗？嗯。啊。还有一个就是那个工商，他那个商商者那个这边一方百分之百负责，你要写一个，根据诶情况，一万块钱以内的由一方负责。嗯。你打个客服。嗯。你晓得噻，你再他是要求哈啊。嗯嗯。啊嗯。诶，还有啥？就这点上噶。嗯。还有一个就是那个。那我们一般我们是作为公司去吗？还是作为劳务班组去哦？作为劳务班组。嗯嗯嗯嗯。嗯嗯，那我懂起了哈。啊，你懂起了嘛？嗯，因为公司去，别个他可能还管你工伤的事情哦。你只有代班的班组长嘛，这个东西你说工伤我担不起。哎。那你必须要买那个工伤保险噻。哎。还有一个就是付款，它是每个月百分之八十。诶，它是啥子没付他就按照银行利率。哎。这一块你打配合，最多延迟一个月。嗯嗯。是吧？啊，是最多延迟一个月。如果违约了又咋个说嘞？违约，如果违约可以一方有钱顶锅。嗯嗯。哎，向有关部门。嗯嗯。说要，啊。嗯嗯嗯。好，我还有个啥子？还有个啥子？水电说了的嘛，工伤说了的嘛，付款这块也说清楚了，还有个啥子？每天说了的嘛，这个说清楚了，哎。还有一个验收验收那块，验收还没说。验收那块，哎，分期分次的验收，应该说分期分次，对不对？啊。验收那块应该是分期分次，对不对？就比如我这个村做完了，比如我这个队这一片的给的任务完成啦，哎，我就说啊这个哈，你晓得该啷么写啦，比如这个节点，这个生产队啊，或者是这个大队啊，我按完了，是不是？嗯。就该给我验收。嗯。由乙方提起，哎，那个主持验收，对不对？嗯。假如我这个哎这这一片的任务完成啦，我提前乙方提前验收，在十五个工作日内，哎，主持验收完毕。嗯。反正我大概意思该这么写哈。验收完是验收完，那这个就不说钱啦，就是把说验收完，那不就行？哦，验收完那个是按进度的，不管嘛，哈，后头我就不得再二次验收了噻。嗯。嗯。是啊，我没说的，你要百分之二十给我的嘛。百分之二十，那这个是他们一起验收完了。嗯。就是验收是验收嘛，验验收是验收，它那个不关付款的事情嘛。哎，按百分之八十付起走嘛。哎，付款是按百分之。然后最终最终做完了，所有做完了才是说结算的事情嘛，都才是说最后最后的嘛。啊，它那个都写得有，它三个月结算，那验收完三个月它就付清百分之百。好好好，好。嗯。好，好，嗯。好。哦，验收你不可能就喊人家我分钱验收，就喊人家分钱给钱，对不对？嗯嗯。呃，这块就是可以短暂的提一下。嗯。就是这一块，反正，比如我这个村，这就是这个这一片区域，你划分我任务，对不对？嗯。好。嗯。好。,301.7,34.8,27,76.1
681230 2026-02-11 17-57-41.wav,回副总你好。对你好，就是我关 弄了那个嘛，就就就开 嗯，就这两天，今天加个班弄 哎呀，你呀，盖章都嘛 他丑人嘛，我就在乡村头。 都不得太奸下。不是啊，你 我这的，这的我请管他 修改了，你把扫描件盖了章的扫描件先发给我，我都认，对了吗？要得，要得，要得，我啊，要得，好好好。,回不着你啊，就是我关山红泥村那个，那个外这头那个请款单没弄下嘛，少帮我忙把那个弄啊，走外要不的话，办跑得下就跑嘛，跑不下了嘛，弄到那个嘛，就就就开年来弄啊，请款单嘛。不是，他必须要请款单，我才给得出来。哪门都要弄出来噻，你就这两天，今天加个万弄噻，你明天拿来，得行不嘛？我就在借，我是借人家的资质，我的资质呢又不得那个许可证，你要找这样那样的，你要盖章的嘛，这边盖章啊。肯定要嘛，要盖章跟到做，走跑这过来有点有点害怕，有点晚，有点晚这的工人，工人带到我，带我屋里闹事，闹了，好愁人嘛，我这又在乡村头，我我万一工人在那儿闹闹的，我把我一把我喊了这儿来来来来来，你们公司来弄了都不得台阶下。不是啊，你弄了，我公司头来，我公司头我还是走按程序给你走啊。啊，是不是嘛？你说别让我，我都走见到审批不了，然后你帮解决，我才可以给你钱的嘛。我这头这头我请款单是做的，做的，他说的抄了。嗯，就重新改一下嘛。就改一下。什么意思？你修改了，你把扫描件盖了章的扫描件先发给我，我都认，对了嘛。要得要得要得，我要得好好好好。,89.0,10.5,8,28.9
6bc2aed160ccf2f39f0be18efb64108c.wav,喂，老哥，我问了，那边 签字盖章，可能晚一点。我说：“ 那么就，好说了。嗯嗯嗯。 走完了之后，最终走到他那儿，他 嗯嗯嗯，好好，好的，就是他已经 而且，本来这种不花钱的事情，是嘛 女娲广场 雅安 谭俊 陈泽伟 叶有亮 温总 胡龙 新源公司 结算 方量 商砼 钢筋 甲方 乙方 监理 进度款 质保金 签证 决算 模板 脚手架 工期,哎，哥，我问了啊，那边领导说的是他们还没有收到关于这个钱目的单子，然后我就跟他说明的情况，我说他他的那他的签字盖章可能晚一点，我说你那边能不能帮忙先说下话？啊。他说的这个就不好得了，他说的还是只有按按正常流程走，走的他的钱，那么就好说了。嗯。嗯嗯。他现在还没收到。嗯。嗯。懂了，懂了，懂了。等于说这边就是财评那边按底下的正规流程走完了之后，最终走到他那儿，他准备就是批复付款啊，同意啊这些东西了。嗯嗯。哦，哦，懂起了，懂起了。嗯，好，好，好。他过问了的，但是还没走到他手上去。哦哦哦，好。好，要得，就是他已经他那边也晓得这个项目也，哎，已经交到财评了嘛。他之前就晓得了，老去年就晓得了，但是一直他妈没到他那儿去。嗯嗯。可能这种不花钱的事情，日妈只能看别个脸色。嗯嗯嗯嗯。好，要得，要得，晓得啊，我们这边抓紧嘛，那就反正。好，好，好，嗯，好，好，哎。,71.4,10.1,7,20.3
叶有亮@671058_20260403112510(1).wav,哥哥，哎，你真说话方便吗？ 浙江两，浙江中联，呃，领导 你觉得，听我说完，对吗？你 呃，走一下，和那个罗学武 他们要建章付款，两支或者三 我你这个弄起，我在中间二天 我跟你说嘛，让十七万，我 嗯，好比这个浙江总里咋会 这个成本不算出来是三，呃二 谭总说的：“啊，二十七万多 弄到脚气了啊！我晓得。 你这个时间，听我说一下，知道吗 子弄，那么子整，还有个付款 马上有个两百来万出来，又付 嗯，反我呢，只是这么说，你 我上次给你点的很那个，点的 本来那儿就很难搞，晓不？有 这个，嗯，好。嗯，你， 嗯，好，好的，好。,哥哥，哎，你这样说方便不？说方便。哎，你个人吗？哎，嗯，说嘛，我那想讲那个。哦。那个刚才我跟浙江的、浙江中联，哎，领导沟通了一下。啊。他的意思哈，初步意思，哎，喊你让十七万。你觉得？听我说完再嘛，你听到就说嘛。啊啊。你觉得哪都没对？或者哪里有啥子？你及时跟那个哎，钟一浩和那个罗学武两个沟通，因为他这儿马上过来。因为听我说哈，前天这个时间，过来他们要结账付款。嗯。两支或者三支付，这支付啊多，下支付啊多，时间节点在哪个位置？他们浙江中联结账。我刚才跟领导说了，我你这个弄起，我在中天二天，我两头都不是人。嗯。晓得不？反正听我说，我跟你说清楚了，你赶紧想一下，赶紧那个一下啊。你，我跟你说嘛，让十七万，我那不现实。你，你听我说完嘛，哎哎，这个让十七万，嗯，好比这个浙江中联咋会喊我们让那个钱给他呢？让嘛是你们这个钱是你们在支付。听我说，不得让给他也好做啥也好，因为现在人家的承恐不算出来是算哎二十七万多，晓得不嘛？他们算出是应该是二十七万多。我刚才跟谭总两个沟通了，谭总说的二十七万多就有点多了。二十七万多。算出来人家承恐不算出来，承恐不你听清楚啊，你不要用那么多脚气了啊。我晓得，哎。所以谭总说的二十七万有点多，他说的你就看十七万，差不多。你这个事情听我说，说嘛，你还可以跟浩浩和那个说一下，看弄哪个号。哎，查边就哪么子弄哪么子整，还有一个付款，这个是浙江中联，我刚才跟谭总说了，必须结账，这次付好多，立马就是见效的事啊。下次就这笔钱马上有个两百来万出来，又付好多，或者就两次付完，或者三次付完。大哥，肯定。你说这个都要落实到单板上，的。我晓得。嗯。反正我呢，只是这么说，你有些东西，嗯。我上次给你点得很那个，点得很那个是事实，这个是那个的。哎，你喊我怎么说？现在你来，本来那儿就很难搞，晓得不？就是说，做现在你喊我来这边说，我都真的不好回答，好回答你们，好，晓得不？嗯。好。嗯。你，嗯。你下午嘛，你上午考虑，你消化一下嘛，好。嗯，好，晓得，好，嗯嗯嗯嗯嗯嗯，啊。,210.6,24.0,19,55.4
微信-电力酒店李玲-20260518130115_1.wav,哎，李总，你说忙不忙？ 他那个章是我们盖的嘛？是 那个章和我们的章对比一下，如果他 呃，时间太久了，我想不起来。 确实，确实想不起来。不，确实 是时间那么久了，我想不起来是哪一个 就肯定是记回来盖的。如果是他自己刻 看得出来。对啊，你帮我出完 你你现现在手上有没有一张嘛？我 很容易看出区别嘞。他看，那我马上给你给你看啊。哎，他看嘞，张不可能跟真张一样。,哎，李总，你说。忙不忙？啊，没事，你说嘛。就是西昌凉瓦站王强他们那个活路，当时那个竣工验收，他那个章是我们盖的嘛，是他们自己私刻的公章，你帮我取下吧。我记得我那边没得印象呀。对比一下噻，你他你你那个章和我们的章对比一下，如果他。不是。啥子？当时那个章，他说是计费公司盖的章，因为二一年是你在经营的嘛，还是你在经手着？呃，时间太久了，我想不起来，我想，我我我想，我想不起来，我我搞忘了。你慢慢读一下。确实，确实想不起来，不，确实有有单位是计起公司来盖了章的，也有单位是人家抱到起几箱几箱竣工资料来盖的章，但是时间那么久了，我想不起来是哪一个项目了。我的意思呢，就是对比一下噻，如果他这个章跟我们的章是一模一样的，那就肯定是计费来盖的；如果是他自己刻的，那肯定不可能刻的一模一样，是不是嘛，李总？不一定，我看不出来呀。看，肯定肯定看得出来，肯定看得出来。那，你帮我取来一张，因为你经常用过那个聚南八中章的。你你这哈儿你这哈儿手上有章没嘛？我电脑头都没这啥子聚南八中资料了。你你现现在手上有没有章嘛？我意思。有啊。啊，你你你盖一个，你盖一个，你对比一下，或者你盖一个，你发给我，我我我看一下有没有啥子区别，很容易看出区别嘞。那个马上盖了给你看哇。哎，他刻的章不可能跟真章一样。,112.6,13.3,10,30.7
新源公司胡龙 2026-03-24 15-39-36.wav,嗯，他给他开一张那个送我的 我晓得他是给我看那个，那个不影响的 先给你拿去去，你要拿就 嗯，这个不正这个，我我我 哦。那不含税啊。你那个 含税的，你再再等我含税的过来，是吧？他要哪一个？嗯嗯嗯，好好好，嗯嗯嗯。,哎，他给，他开一张那个送货单子，总单子，他盖我章的。我晓得他是给我看那个，那个不影响都没那个。反正有点打回来了我就不得管啊，哎。反正我先给你拿去去，你要拿就拿过来，拿过来。但是打打别个不收打回来了我就不管啊，在哪里打回来你弄啊？外财务啊、法务那些地方应该不得认这个，我我我随便你们哈，反正我先给你说清楚噶。要的，我那儿拿过来哈。还有那个你们那个是，我看他那个材料送货单是没含税的，你要有这个含税的哦。那不含税啊？嗯，你那个我他发我看了二十六万多了嘛，你们含税三十万了嘛。嗯。你你你你，你最好是含税的，你再再找个含税的过来，是吧？看要哪一个？嗯嗯嗯，要的，好好好，嗯嗯嗯。,63.5,8.0,6,17.6
温总预算@638881_20260403175739(1).wav,啊，有个这个事，我咨询一下。 就是我们爷哥哥那个事情。啊。呃 说那个数据把我吓到了，啊，对 哎，这那个叶哥哥他们下午接近十个 那个，我就凭你们的，就说嘛， 呃，其他没说哈。啥子那个 我来也没多说，我又不好讲别 呃，我说十多万，十六七万， 嗯，我说十六七万了，他说的 谈总也大，就是这个事情沟通好 啊，他们是有利润的。嗯，他们 没得问题，但是单价，嗯，人家 喊你别把你朋友啊，喊他， 直到三子付款，第一子付到多 就是打那个电话，我不晓得他给你打电话 你们合同有合同，签合同没有？我 我在说，我都是朋友，我咋去 嗯，他既然都是你的朋友，又是你 嗯，不要那吧。嗯嗯，他说 他说：“好久，好久。”他们说：“好久 哦，那边我们这边就别人来整得 说我还是，嗯，我们两头说哈 呃，我在那边，就见就喊他 啊，人家把有理有据有根 啊，我就说，我就说，有亮 说现在是把钱拿到手为主。对 就包括发工资，包括就是你们的工资 哦，我们两个都哈，都不通过他 就讲把这个处理了嘛，处理到。 你说谭总这个人做事，我觉得还是比较可以的 呃，那个一哈嘎，要得， 嗯，好好好。,大哥，啊，有个这个事我咨询，啊，就是今天浙江中立陈总给我打个电话，啊，就是我们叶哥哥那个事情，啊，诶，那边陈总部的，诶，给我说了一个数据，把我吓到了，啊，是吧？我最近谈中了合同了，陈总部的说的，要喊就是，诶，这那个叶哥哥他们下午接近十个点，相当于二十七万左右。那个我不像你们那，我说嘛，七十万多嘛，我我马上把电话挂了过后，人家就抓住啥子，其他没说哈，抓住那个白色铝单板和那个，诶，就是钢板，说事情，嗯，诶，我那也没多说，我又不好狡辩的，因为这我们专业，我马上跟谭总打的，我说二十七万有点高，我说陈伟给我打电话，嗯，诶，我说十多万，十六七万应该差不多，嗯，诶，这谭总说的，他说是他也觉得就二十七万有点高，嗯，我说十六七万啦，他说的这个应该差不多，嗯，所以我就跟谭总了沟通，嗯，谭总也答应，就是这个事情沟通，尽量不要争到，到时候如果是扯了冤不就不得？哎，对的，你听我说，这谭总也说了，他我们都是四川人，啊，他们是有利润，嗯，他们那的利润还高，嗯，他我们财务部查出来那个唻，虽然说数据冇得问题，但是单价，嗯，人家找出你的毛病了，一旦打官司，反正你的朋友就挨惨了，就把说了，喊你不要把你朋友啊喊到，我们都是四川的，嗯，我就说十六七万，嗯，谭总就也答应了，我说的分两次到三次付款，第一次付到多点，嗯，第二次、第三次就把付完，嗯，他说的要得，我又给叶有亮就打了个电话，我不晓得他给你打电话冇得啊，哪个啊？叶有亮，他给我打电话子唻，他问我我不得个人事情的哦，嗯，我也不得参与的哦，我想着你们你们合同有合同写合同没有？我又不晓得你们咋说的，干点啥子都不晓得，所以说我就说，我们两老二说事，哦，嗯，哎，不能说，我都是朋友，我咋去说嘛？对不对？是啊，是是是是，哎，我就说这个事哦，嗯，我就在听谭总说好话，啊，啊，谭总答应了，啊，他既然都是你的朋友，又是你介绍的，相互开来又不管这些事，一旦管事打官司啥？可能最少是三年。嗯，复印件拿不？嗯，嗯，他说你不要害你朋友，我说的，你你做做，我说的，又是我朋友。嗯，嗯，他说好久好久，他们说好久过来嘛，他们就是星期二，就是那样子，十号就要走西藏去了，反正啊，星期二，哦，那边我们这边就别人来整这些了，我星期二啊，星期二，星期二，星期二起来几号？反正过了再说，嗯，星期二，嗯，好嘛，好嘛，好，嗯，说我还是，嗯，我们俩的兄弟哈，啊，哎，都是，你站在公正正经的立场上说事哈，啊，嗯，都我这个，呃，我在那边求钱就喊他，我说的可能十六七万应该差不多。我说二十七万，他们参考不，算出来的，啊，人家把有理有据有根啊算出来，实实在在的，嗯嗯，懂不懂？就跟他们他们商量商量，商量。啊，我就说我又就要跟有量，联络协商，这是，对对，跟他协商嘛，大家尽量尽量协商嘛，不得不要扯，争取就把钱。我就说现在是把钱拿到手为主。对对，就是拿点钱，我日嘛这边包不到车，我先把钱都扯干，包的钱，求钱都不要这样扯。人家谈做这边过来，就包括发工资，包括你们的工资，就原来制定计划来着，啊，过来都弄现金，不通过那个，弄开了。今天我打电话，哦，我们俩沟通啊，都不通过他了，直接提现金，我讲嘛，要得嘛，要得嘛。你说这事情，人家谈做也是四川人，人家做事人，都把力打牢，把这个处理了嘛，啊，要得。包括就是管你们的工资，都说提现金了付。你做担保就坐在上公司借的，对的要得。你说谈做这个做事，我觉得还是比较可以了。嗯，对嘛，嗯，嗯，好嘛，好嘛，嗯，好嘛，啊，啊，那我就照这个先跟他们那个一下吧，要得，这时间也只这么两天了，要得嘛，要得嘛。他们就来厂了，要得要。你你先，我我再，他要跟你扯单，我再跟他说嘛。哎，好好，好好，好，好，嗯。,362.1,40.8,32,98.7
谭俊@137 3593 8788_20260403111748(1).wav,你你你，你干脆把所有的资料也 资料全部弄啊！三柜柜哦。 我在这边有熟人嘛，还便宜 哎，好好好好好，我们 gonna 处理嘛啊，好好好，哎。,你你你，你刚才你把所有的资料也喊那个邹云浩、小李，还有那个罗学头都带上，直接到到到那压上去了嘛。你那资料全部弄啊，三万五。哪那么弄啊？三万五，你还弄去还要扫描，做电子文档，还要交运。我在这边有熟人嘛，还便宜点，在那边去可是贵的很，原来。关系嘛，关系嘛，先先先准备嘛。哎，就是，好啊，哎，好好好好好，我们过来处理嘛，啊，好好好。,40.4,5.5,4,13.1
谭俊@137 3593 8788_20260615115801.wav,你那个，你那个，又有啊？说  进度款，两百多万，要喊喊 一个是他进度款，就是看今天应该签 上周周五去吧。周五，那那落 这个还是要调查主的嘛，恰点哈 六万多块钱，是吧？你，嗯 抓紧时间把一点钱拨下来，再说了 走，呃，全部就是走那个哈， 都是弄完了，弄去三家公司，喊 诶，喊他看了，看了过后， 嗯，分三个步骤来走啊。好 那现在那点的，那点的鸡 小啊，兄弟，这辈子下来了， 嗯嗯嗯。老毕那里，你自己打 好好好好好，抓紧点咯。好， 女娲广场 雅安 谭俊 陈泽伟 叶有亮 温总 胡龙 新源公司 结算 方量 商砼 钢筋 甲方 乙方 监理 进度款 质保金 签证 决算 模板 脚手架 工期。,你那个，你那个又有啥子啦？吊车租赁把我们告上去，耶，花了四万多块钱就告上去。吊车租赁。哦。机械费，吊车的机械费、租赁费，四万四千多块钱，还是好多点钱。哎，搞得好烦哦！第第二个，你那个进度款两百多万，又喊喊喊老毕去跑噻。说了，说了，说了，说了，今天老罗过去了。哦。过去，一个听我说嘛。一个是他进度款，就是看今天应该签的完了。进度款他还签到手脚多嘛？哦。哎。上周去，我还上周去，上周周五去嘛。周五老老罗啊，周五嘛，周五啊，老罗去是签到胡总那儿了。哦。呃，应该是老毕在办。第二个还是要吊车租赁嘛，洽谈一下嘛，喊喊那个喊罗永浩，那个那个那个那个嘛。啊。罗永浩喊他去，去喊他去看一下子嘛。好。哦，因为那四万多块钱日妈的，哎，我真的是越搞越。哎呀，还有一个四千多的暖通的，也是时间久了。哎呀，你还抓紧时间把那钱拨下来再说了嘛，你不来嘛？好。我晓得。今天抓抓紧的同时哦。嗯。这边应该是那个都呃全部就是走那个哈，走那个叫啥子啊？哎，那叫认知认价嘛，啥子啊？哦，认知认价了嘛。认知认价的东西都是弄完了，弄去三家公司喊那个一样，那个是他们的对方才呃那个，呃搞预算那些一样噶，哎喊他看了，看了过后没得啥问题，我们拿回来就把章盖了。哦。每一个单行是九十多行哇。啊，九十多行是走了，反正是三个步骤。啊。剩三个步骤在走。啊。哎，啊，这块是我在做主，你你放心，好多事情啊。啊，啊。呃，全部是我在做主。啊，现在那点那那那点那几把毛钱，反正洗个岸了，只要莫再啰嗦，看到没有？嗯。我这一行出来。啊。这些渣渣钱是吧？这搞个官司我吃不消啊。嗯。兄弟，这边是下来了，把这渣渣钱垫付了。不，该付的付了啊！哎，两个两个结算的抓紧还是抓住也抓的。嗯。老毕那里自己打电话不要我打电话了噻。不用，不用，不用。哦，因为我在打电话的话，到时候老毕是我把跑下来的，到时候他喊一起把他的钱付清，到时候你们腾挪的余地了。好。好，好，好，好，好。抓紧点喽。好。要得要得，好。好好好，那点那点官司要罗勇喊周勇豪去去协商解决的。好，好，好。好。嗯。,185.6,22.9,17,52.1
通话-陈泽伟-202606101153(1).wav,哎，我就懂他们意思，就说嗯，在 他要把水给我定，然后我再拆 亲自给他打电话，给他打电话的话，嗯， 对。啊，你听懂我说的意思没有 的是吧？他说：“不关我们的事， 嗯，怨我，要交那么多税， 嗯，也搞越来越有问题。就这问题 看我交了，我欠的费， 说要收入好多钱了。他交四 不可能是交四千多的税，我 我签了嘛？哎呀，他说的就是 整那个麻烦，那我还是去公司那儿 给他跟我协商，我们我们银行我们怎么说？ 人家公司拿都咋个弄嘛？这个 他就，他知道我，我就，我就不明白 你为啥子来？我们那儿这样子来 是他的税，也不可能到四千多成本 啥子相干呢？你管的就是时间多 我用他的就叫摊牌，就是说 哦，这个摊牌了噻。你你现在 联系一哈，该实在不行，跟儿 他他现在，他那一块，他们一起 出水，他们等于说做的是那个项目 的，晓得不？你高与低， 这个身份证银行卡用一个月，我就给他摊 他可能跟只有一个月，差的到应该是 几千？几千这个要个串味儿 他跟，关键，你你你，事 去年子，我说：“哎呀，你回去 干他交那么多钱，把你一个公司一个 嗯，公司头的人，给那辆飞机 他那边，哦对，主要是人，你 啊！你那几千块钱的税钱， 晓得咋晓得嘛？这个，你对不对 一跟自己跟他打电话，嗯，哎呀 去投诉人家公司，人家其他相关部门咋就 他不都，他就是得，他那个 比如说，那是超了几十、百把块钱 光是他认不认可嘛？你就说 把事情，我们把那个办了。他 他的电话发一个过来，发哪个来着 女娲广场 雅安 谭俊 陈泽伟 叶有亮 温总 胡龙 新源公司 结算 方量 商砼 钢筋 甲方 乙方 监理 进度款 质保金 签证 决算 模板 脚手架 工期。,对，我又不就懂他们意思，就说嗯，在那哈儿做的活路，他不不不管我们二个样子的事。我说你把拆了嘛，他说拆了我要二个样子，他要把税给我定了，我才拆得到嘛。他喊我交四千多税，我交锤子啊，就这个问题，现在扯起这这个矛盾的。我又不就懂那有情况，你又只有你亲自给他打电话，给他打电话的话，嗯，有啥子解决的方案，你给他说，我也说不好。啊，你听懂我说的意思没有？啥子交四千多的税啊？我说你这个交税不关我们的事吧？他说不关我们的事，不关我们的事是税务局喊他交这个税，是他之前做活路的钱余额要交那多税，跟我们没得关系的。我说的你把拆了嘛，你你又不要我那儿做活路，我只能说是用你的卡，呃呃一个月的问题，就这个问题。他说问题是我呃要税务局给我定啊，我再拆嘛，嗯，我把都我拆了，喊我交那我欠的税我交的几卷儿啊？他说他撞我这扯皮，你说咋整？咋可能交四千多的税？你晓不？要交四千多的税要收入好多钱了。他交四千多的税是不管我们的事，叫做四千多的税，你晓不？要收入好多钱了。哎，那我我我敢说扯啥的？我说的话，那不可能是交四千多的税，我意思就是说，不可能那样子。他是那种说的到嘛？他是那种说。我说我我在那儿又没来做过活路，做做用你的卡哈，你把那个拆了嘛？哎呀，他说的就是拆，他喊我交那么多钱，税我不好拆，拆啥的？我拆不到啊，他说。就说扯皮的，我又不就懂，真嘞就麻烦，我还公司给他打个电话。啊，你有啥子？有喊公司做，有啥子方言？有啥子叫解决的办法？跟他那个协商。我们我我们你喊我们咋说？我管他的事啊！不管他的，他不认可咋嘛？他方言说他就随便表达。他好老虎，那你说人家公司拿到咋个弄嘛？这个人家正常发工资发给你。现在他他又不拆，他鼓捣要去投诉人家工资。公司。你换换是哪个嘛？人家的，人家的。我这个我我就我就不明白，你其他你来哪哈住的？钱挣的钱，你投诉哪个公司就是嘛？你为啥子来？我们那样子来投诉我们这个公司嘞？对的嘛，你你当时拿的这些人，我们就正常发工资发发出来，发出来。问题是他的税也不可能到四千多成本儿。我一说的话，四千多样子。就假如说他就四千多一万多，不管我们的事咋嘛。你给我们的话有啥子相干嘞？你管的就是四千多，我们不说四千多就是一万多、两万，管我们啥子事嘞？对不对？给我们的公司，我们就是做，我用他的就叫摊牌，就是说明说，我就用用我那个工人手下用他的一个月的卡，嗯，身份证号嘛，嗯，手续。但是他没来做了，就给他摊牌了噻。你你现在给我们公司有有啥子屈？嗯，来缴起啦。但是，我今儿喊那个小黄去今儿，嗯，打呃那个联系一下。今儿实在不行，今儿我让他先给你打个电话啊。你就是有啥子解决的办法，能解决的就把解决喽，不搞那个纠缠。因为他他现在他还一块，他们一起做活路的还一块。我们表妹给他那个一起做活路的，也来打嗯，最不觉打电嗯打电话，也来喊他们出水。他们等于说做的是那个项目不一样，是那个嗯啥子砖哦，很大的。他们的他们的那个嗯嗯工资很高的，晓得不？你高与低，给我们俩不得牵连，就随便你做啥子，你们的你们的手续，你们挣的钱，你们也了。你我是用你们这儿的这身份证银行卡用一个月，我就给他摊牌，你就给他摊牌。实在不行，我就说你用了一个月。比如说你他走他卡上走了好多钱嘛。他可能只一个月查得到，应该是几千块钱吧。走了几个月嘛？只有一个月噻。几千块钱嘛，是不是？啊。几千嘛？几千。几千这个要穿玩儿，他等哎呀，他也着急着。哎，你实在不行，你就那个补补他几十百八块钱的那个税钱，哎呀，把他跟。关键你你你那个税钱，你把出了，你喊他把扯了，哎呀。不管钱的问题啊，现在是，他我不管钱的事，因为之前我那天我去年子，我说哎呀，你回家嘛，我帮你我打嘛八两百块钱，你不管钱的问题。关键是他现在，他现在是说税务局呃等着他给他吃紧，看他交了那么多钱。你一个公司一个公司了嘛？你这你你其他地方的不关这边公司的事情啊。只要呃你你的工作人员啊，或者是你的就是呃公司里的人，其他两个干劲好，超几百一两百五十五位，把这个事情了，钱不存在，出一两百几十五左右，把个只要干劲好，晓得不？主要是他那边。哦对，主要是人家不帮苦，不帮你的烦嘛，对不对嘛？嗯，徐老板。不行，你就干干，你给他出那个把把你那几千块钱的税钱给他出了。啊，肯定是多吧？哎，你该找一个不带收入的人。那是我晓得，我晓得，咋晓得嘛？这个这你对不对？咋晓得那些事情嘛？你只有喊就是有关部门，那你给他直接给他打电话，嗯，哎呀，该该处理好的该完的就完了，因为我也。我们我们这不哪个处理不好的，只有这个是，就相当于是他个人苦得要去投诉人家公司，人家其他相关部门咋就咋个去，咋咋个去那个。哎，我就不明白哦，他投诉我们那个公司起啥子作用呢？你。他苦得，他就是得有他那个个人A P P，嗯，高头就是个人所得税高头，他去投诉人家，他投诉人家咋子嘛？比如说，你你该拿好多钱，有好多税钱。比如说，要是超了几十、百把块钱，哎，不行嘛，我们这边那那个你就补给他，我们就不管，我们就不管了。然后你把这边的数数撤了，就是。光是他认不认可嘛？你就说补他五百块钱，他认不认可嘛？关键是，现在不管这个钱的问题啊，最主要的是他对方把事情，嗯，我们把那个嗯办了，他认不认可拆，是这个道理。啊，你喊那个你，你喊你川版那个他的电话发一个过来，发哪个来了？我我都可以发给你嘛。嗯，你发嘛，你发嘛。就就是这个刘长军的电话嘛。嗯。好，我发给你就行。,473.9,58.7,42,131.3
